station_id,station_name,operator_network,district,province,address,charger_level,connector_types,power_kw,latitude,longitude,maps_link,access,status,source,last_verified,added_phase,geo_precision
SL-0001,Gampola Dasuni C Complex,JKCG BYD Network,Kandy,Central,"No.58/9, Doluwa Road, Hindagala",DC Fast,CCS2,,7.161419,80.57393,"https://www.google.com/maps?q=7.161419,80.57393",Public (store/venue hours; Keells sites typically 24/7),active,johnkeellscgauto.com/charger-network,2026-07-27,Phase 1,exact
SL-0002,Kandy Earl's Regent Hotel,JKCG BYD Network,Kandy,Central,"No.40/1, Deveni Rajasinghe Mawatha, Kandy",DC Fast,CCS2,,7.283807,80.610087,"https://www.google.com/maps?q=7.283807,80.610087",Public (store/venue hours; Keells sites typically 24/7),active,johnkeellscgauto.com/charger-network,2026-07-27,Phase 1,exact
SL-0003,Kandy Myst by Cinnamon,JKCG BYD Network,Kandy,Central,"No.273, Katugastota Road, Kandy",DC Fast,CCS2,,7.278791,80.604353,https://maps.app.goo.gl/rNj4zTUVXQp9fNNj8,Public (store/venue hours; Keells sites typically 24/7),active,johnkeellscgauto.com/charger-network,2026-07-27,Phase 1,approximate
SL-0004,Kandy Royal Kandyan,JKCG BYD Network,Kandy,Central,"No.833, Peradeniya Road, Kandy",DC Fast,CCS2,,7.277539,80.615919,"https://www.google.com/maps?q=7.277539,80.615919",Public (store/venue hours; Keells sites typically 24/7),active,johnkeellscgauto.com/charger-network,2026-07-27,Phase 1,exact
SL-0005,Keells Kandy 3 - Peradeniya Road,JKCG BYD Network,Kandy,Central,"No. 927, Peradeniya Road, Kandy",DC Fast,"CCS2, CHAdeMO",,7.27892,80.618935,https://maps.app.goo.gl/BLdqjAokPPWoJzvR6,Public (store/venue hours; Keells sites typically 24/7),active,johnkeellscgauto.com/charger-network,2026-07-27,Phase 1,approximate
SL-0006,Dambulla Gimanhala Hotel,JKCG BYD Network,Matale,Central,"No.754, Anuradhapura Road, Dambulla",DC Fast,CCS2,,7.879908,80.650254,"https://www.google.com/maps?q=7.879908,80.650254",Public (store/venue hours; Keells sites typically 24/7),active,johnkeellscgauto.com/charger-network,2026-07-27,Phase 1,exact
SL-0007,Keells - Matale 2,JKCG BYD Network,Matale,Central,"No. 833A, Aluvihare, Matale",DC Fast,"CCS2, CHAdeMO",,7.489017,80.623305,https://maps.app.goo.gl/BTbQ7nqSXpecCkq67,Public (store/venue hours; Keells sites typically 24/7),active,johnkeellscgauto.com/charger-network,2026-07-27,Phase 1,approximate
SL-0008,Matale Nilani Restaurant,JKCG BYD Network,Matale,Central,"P.52, Ududeniya, Nalanda",DC Fast,CCS2,,7.655946,80.635316,"https://www.google.com/maps?q=7.655946,80.635316",Public (store/venue hours; Keells sites typically 24/7),active,johnkeellscgauto.com/charger-network,2026-07-27,Phase 1,exact
SL-0009,Palapathwela Sri Krishna Restaurant,JKCG BYD Network,Matale,Central,"No.16, Kirigalpoththa, Palapathwala, Matale",DC Fast,CCS2,,7.515865,80.623377,"https://www.google.com/maps?q=7.515865,80.623377",Public (store/venue hours; Keells sites typically 24/7),active,johnkeellscgauto.com/charger-network,2026-07-27,Phase 1,exact
SL-0010,Sigiriya Aliya Resort & Spa,JKCG BYD Network,Matale,Central,"Audangawa Inner Rd, Audangawa, Kimbissa",DC Fast,CCS2,,8.000607,80.735638,"https://www.google.com/maps?q=8.000607,80.735638",Public (store/venue hours; Keells sites typically 24/7),active,johnkeellscgauto.com/charger-network,2026-07-27,Phase 1,exact
SL-0011,Hatton The Argyle,JKCG BYD Network,Nuwara Eliya,Central,"Kudaoya Estate, Hatton",DC Fast,CCS2,,6.9174,80.586666,"https://www.google.com/maps?q=6.9174,80.586666",Public (store/venue hours; Keells sites typically 24/7),active,johnkeellscgauto.com/charger-network,2026-07-27,Phase 1,exact
SL-0012,Kotagala - Argyle Hotel,JKCG BYD Network,Nuwara Eliya,Central,"Argyle Estate, Argyle Rd, Kotagala 22080",DC Fast,"CCS2, CHAdeMO",,6.925274,80.609055,https://maps.app.goo.gl/2E1mbBJqVRRCeC2s9,Public (store/venue hours; Keells sites typically 24/7),active,johnkeellscgauto.com/charger-network,2026-07-27,Phase 1,approximate
SL-0013,Nuwara Eliya - Barista,JKCG BYD Network,Nuwara Eliya,Central,"Greenways, Badulla Rd, Nuwara Eliya 22200",DC Fast,"CCS2, CHAdeMO",,6.963401,80.766904,https://maps.app.goo.gl/VgK4hq6jJNmHuuJq9,Public (store/venue hours; Keells sites typically 24/7),active,johnkeellscgauto.com/charger-network,2026-07-27,Phase 1,approximate
SL-0014,Nuwara Eliya - Golf Club Resort,JKCG BYD Network,Nuwara Eliya,Central,Nuwara Eliya 22200,DC Fast,"CCS2, CHAdeMO",,6.973974,80.766986,https://maps.app.goo.gl/SSZChP3wD41krTbSA,Public (store/venue hours; Keells sites typically 24/7),active,johnkeellscgauto.com/charger-network,2026-07-27,Phase 1,approximate
SL-0015,Nuwara Eliya Araliya Green City,JKCG BYD Network,Nuwara Eliya,Central,"No. 01, Glen Fall Road, Nuwara Eliya",DC Fast,CCS2,,6.966868,80.7648,"https://www.google.com/maps?q=6.966868,80.7648",Public (store/venue hours; Keells sites typically 24/7),active,johnkeellscgauto.com/charger-network,2026-07-27,Phase 1,exact
SL-0016,Nuwara Eliya Araliya Red Hotel,JKCG BYD Network,Nuwara Eliya,Central,"No.9/36, Unique View Road, Nuwara Eliya",DC Fast,CCS2,,6.962641,80.764263,"https://www.google.com/maps?q=6.962641,80.764263",Public (store/venue hours; Keells sites typically 24/7),active,johnkeellscgauto.com/charger-network,2026-07-27,Phase 1,exact
SL-0017,Nuwara Eliya Blackpool Resort & Spa,JKCG BYD Network,Nuwara Eliya,Central,"Black Pool, Nuwara Eliya",DC Fast,CCS2,,6.942241,80.779028,"https://www.google.com/maps?q=6.942241,80.779028",Public (store/venue hours; Keells sites typically 24/7),active,johnkeellscgauto.com/charger-network,2026-07-27,Phase 1,exact
SL-0018,Nuwara Eliya Golf Club,JKCG BYD Network,Nuwara Eliya,Central,Nuwara Eliya,DC Fast,CCS2,,6.972322,80.764356,"https://www.google.com/maps?q=6.972322,80.764356",Public (store/venue hours; Keells sites typically 24/7),active,johnkeellscgauto.com/charger-network,2026-07-27,Phase 1,exact
SL-0019,Rozella The Tea Cup,JKCG BYD Network,Nuwara Eliya,Central,"St. Andrews, Derryclare Estate, Kotagala",DC Fast,CCS2,,6.925274,80.609055,,Public (store/venue hours; Keells sites typically 24/7),active,johnkeellscgauto.com/charger-network,2026-07-27,Phase 1,approximate
SL-0020,Akkaraipattu GN Auto Zone,JKCG BYD Network,Ampara,Eastern,"No. 303 G, Pottuvil Road, TD-5, Akkaraipattu",DC Fast,CCS2,,7.21501,81.854502,"https://www.google.com/maps?q=7.21501,81.854502",Public (store/venue hours; Keells sites typically 24/7),active,johnkeellscgauto.com/charger-network,2026-07-27,Phase 1,exact
SL-0021,Ampara Saliya Inn,JKCG BYD Network,Ampara,Eastern,"No.15, Inginiyagala Road, Ampara",DC Fast,CCS2,,7.360551,81.641052,"https://www.google.com/maps?q=7.360551,81.641052",Public (store/venue hours; Keells sites typically 24/7),active,johnkeellscgauto.com/charger-network,2026-07-27,Phase 1,exact
SL-0022,Arugam Bay The Bayberry Hotel,JKCG BYD Network,Ampara,Eastern,"Main Street, Arugam Bay",DC Fast,CCS2,,6.842785,81.831165,"https://www.google.com/maps?q=6.842785,81.831165",Public (store/venue hours; Keells sites typically 24/7),active,johnkeellscgauto.com/charger-network,2026-07-27,Phase 1,exact
SL-0023,Maruthamunai Modern Car Sale,JKCG BYD Network,Ampara,Eastern,"No.402, Main Street, Maruthamunai-03",DC Fast,CCS2,,7.434727,81.812964,"https://www.google.com/maps?q=7.434727,81.812964",Public (store/venue hours; Keells sites typically 24/7),active,johnkeellscgauto.com/charger-network,2026-07-27,Phase 1,exact
SL-0024,Pasikuda Maalu Maalu Resort & Spa,JKCG BYD Network,Batticaloa,Eastern,"Coconut Development Board Road, Passekudah",DC Fast,CCS2,,7.927603,81.560743,"https://www.google.com/maps?q=7.927603,81.560743",Public (store/venue hours; Keells sites typically 24/7),active,johnkeellscgauto.com/charger-network,2026-07-27,Phase 1,exact
SL-0025,Trincomalee Lanka Filling Station Nilaveli,JKCG BYD Network,Trincomalee,Eastern,"No.155, 6th Mile Post, Nilaveli St, Trincomalee",DC Fast,CCS2,,8.628057,81.20523,"https://www.google.com/maps?q=8.628057,81.20523",Public (store/venue hours; Keells sites typically 24/7),active,johnkeellscgauto.com/charger-network,2026-07-27,Phase 1,exact
SL-0026,Anuradhapura Rukmal Motors,JKCG BYD Network,Anuradhapura,North Central,"No. 562/A1, Jayanthi Mawatha, Anuradhapura",DC Fast,CCS2,,8.325749,80.398810,"https://www.google.com/maps?q=8.325749,80.398810",Public (store/venue hours; Keells sites typically 24/7),active,johnkeellscgauto.com/charger-network,2026-07-27,Phase 1,exact
SL-0027,Anuradhapura Sooriya Wessagiri Resort,JKCG BYD Network,Anuradhapura,North Central,"No.339, Old Kurunegala Road, Wessagiriya, Anuradhapura",DC Fast,CCS2,,8.325177,80.385884,"https://www.google.com/maps?q=8.325177,80.385884",Public (store/venue hours; Keells sites typically 24/7),active,johnkeellscgauto.com/charger-network,2026-07-27,Phase 1,exact
SL-0028,Keells - Anuradhapura,JKCG BYD Network,Anuradhapura,North Central,"No. 514, Maithripala Senanayake Mawatha, Anuradhapura",DC Fast,"CCS2, CHAdeMO",,8.326695,80.404853,https://maps.app.goo.gl/kt8UVMxbZoJPrtLc8,Public (store/venue hours; Keells sites typically 24/7),active,johnkeellscgauto.com/charger-network,2026-07-27,Phase 1,approximate
SL-0029,Mihintale Saanchi Temple,JKCG BYD Network,Anuradhapura,North Central,"Trincomalee Road, Mihintale",DC Fast,CCS2,,8.370637,80.549008,https://maps.app.goo.gl/pu1QtnNpV6WQZ4AR6,Public (store/venue hours; Keells sites typically 24/7),active,johnkeellscgauto.com/charger-network,2026-07-27,Phase 1,approximate
SL-0030,Ulankulama Dairy Farm,JKCG BYD Network,Anuradhapura,North Central,"Ulankulama, Maradankadawala",DC Fast,CCS2,,8.138684,80.550126,"https://www.google.com/maps?q=8.138684,80.550126",Public (store/venue hours; Keells sites typically 24/7),active,johnkeellscgauto.com/charger-network,2026-07-27,Phase 1,exact
SL-0031,Minneriya Lath Sahal Warehouse,JKCG BYD Network,Polonnaruwa,North Central,"CP Pura, Minneriya",DC Fast,CCS2,,8.002873,80.909833,"https://www.google.com/maps?q=8.002873,80.909833",Public (store/venue hours; Keells sites typically 24/7),active,johnkeellscgauto.com/charger-network,2026-07-27,Phase 1,exact
SL-0032,Polonnaruwa Crown Mall,JKCG BYD Network,Polonnaruwa,North Central,"No.13/UP/25, Good Market, Hospital Junction, Polonnaruwa",DC Fast,CCS2,,7.942725,81.012077,"https://www.google.com/maps?q=7.942725,81.012077",Public (store/venue hours; Keells sites typically 24/7),active,johnkeellscgauto.com/charger-network,2026-07-27,Phase 1,exact
SL-0033,Keells - Kurunegala 2,JKCG BYD Network,Kurunegala,North Western,"No. 41, Bauddhaloka Mawatha, Kurunegala",DC Fast,"CCS2, CHAdeMO",,,,https://maps.app.goo.gl/DKGZju6rVMsnZHZy6,Public (store/venue hours; Keells sites typically 24/7),active,johnkeellscgauto.com/charger-network,2026-07-27,Phase 1,
SL-0034,Kurunegala - Kandyan Reach Hotel,JKCG BYD Network,Kurunegala,North Western,"No.344, Kandy Road, Kurunegala",DC Fast,CCS2,,7.479081,80.372367,"https://www.google.com/maps?q=7.479081,80.372367",Public (store/venue hours; Keells sites typically 24/7),active,johnkeellscgauto.com/charger-network,2026-07-27,Phase 1,exact
SL-0035,Padeniya Cafe Agra,JKCG BYD Network,Kurunegala,North Western,"Dangahamulla Handiya, Deegithwa, Magulagama",DC Fast,CCS2,,7.678323,80.232501,"https://www.google.com/maps?q=7.678323,80.232501",Public (store/venue hours; Keells sites typically 24/7),active,johnkeellscgauto.com/charger-network,2026-07-27,Phase 1,exact
SL-0036,Paragahadeniya Gami Sisila,JKCG BYD Network,Kurunegala,North Western,"Pallegama, Weuda",DC Fast,CCS2,,7.410896,80.48494,"https://www.google.com/maps?q=7.410896,80.48494",Public (store/venue hours; Keells sites typically 24/7),active,johnkeellscgauto.com/charger-network,2026-07-27,Phase 1,exact
SL-0037,Keells - Chilaw,JKCG BYD Network,Puttalam,North Western,"No. 112, Puttalam Road, Chilaw",DC Fast,"CCS2, CHAdeMO",,7.567177,79.800694,https://maps.app.goo.gl/u6AzGYwzPqpuXo8D9,Public (store/venue hours; Keells sites typically 24/7),active,johnkeellscgauto.com/charger-network,2026-07-27,Phase 1,approximate
SL-0038,Keells - Puttalam,JKCG BYD Network,Puttalam,North Western,"No. 89, Kurunegala Road, Puttalam",DC Fast,"CCS2, CHAdeMO",,7.956756,79.932456,https://maps.app.goo.gl/husDMJuxPjencc5M9,Public (store/venue hours; Keells sites typically 24/7),active,johnkeellscgauto.com/charger-network,2026-07-27,Phase 1,approximate
SL-0039,Puttalam Ice Talk Restaurant,JKCG BYD Network,Puttalam,North Western,"No. 08, Kachcheri Road, Puttalam",DC Fast,CCS2,,8.027787,79.830819,"https://www.google.com/maps?q=8.027787,79.830819",Public (store/venue hours; Keells sites typically 24/7),active,johnkeellscgauto.com/charger-network,2026-07-27,Phase 1,exact
SL-0040,Jaffna Tilko City Hotel,JKCG BYD Network,Jaffna,Northern,"No. 70/6, K.K.S. Road, Jaffna",DC Fast,CCS2,,9.665408,80.010689,"https://www.google.com/maps?q=9.665408,80.010689",Public (store/venue hours; Keells sites typically 24/7),active,johnkeellscgauto.com/charger-network,2026-07-27,Phase 1,exact
SL-0041,Jaffna Valampuri Hotel,JKCG BYD Network,Jaffna,Northern,"No.148/10, Martin Road, Jaffna",DC Fast,CCS2,,9.664503,80.021478,"https://www.google.com/maps?q=9.664503,80.021478",Public (store/venue hours; Keells sites typically 24/7),active,johnkeellscgauto.com/charger-network,2026-07-27,Phase 1,exact
SL-0042,Keells - Jaffna,JKCG BYD Network,Jaffna,Northern,"No. 333, Clock Tower Road, Jaffna",DC Fast,"CCS2, CHAdeMO",,9.668447,80.014622,https://maps.app.goo.gl/DMUMaTsbPecFRNxz5,Public (store/venue hours; Keells sites typically 24/7),active,johnkeellscgauto.com/charger-network,2026-07-27,Phase 1,approximate
SL-0043,Keells - Kegalle,JKCG BYD Network,Kegalle,Sabaragamuwa,"No. 461, Kandy Road, Kegalle",DC Fast,"CCS2, CHAdeMO",,7.249796,80.46236,https://maps.app.goo.gl/hPdgB6e5xj53SKms9,Public (store/venue hours; Keells sites typically 24/7),active,johnkeellscgauto.com/charger-network,2026-07-27,Phase 1,approximate
SL-0044,Keells - Mawanella,JKCG BYD Network,Kegalle,Sabaragamuwa,"No. 185, New Kandy Road, Mawanella",DC Fast,"CCS2, CHAdeMO",,7.252969,80.44873,https://maps.app.goo.gl/C4kDSfwce4sykmVE7,Public (store/venue hours; Keells sites typically 24/7),active,johnkeellscgauto.com/charger-network,2026-07-27,Phase 1,approximate
SL-0045,Balangoda B K J Petroleum,JKCG BYD Network,Ratnapura,Sabaragamuwa,"No. 181, Haputale Road, Kirindagala, Balangoda",DC Fast,CCS2,,6.65694,80.702793,"https://www.google.com/maps?q=6.65694,80.702793",Public (store/venue hours; Keells sites typically 24/7),active,johnkeellscgauto.com/charger-network,2026-07-27,Phase 1,exact
SL-0046,Kalawana Rainforest Kitchen,JKCG BYD Network,Ratnapura,Sabaragamuwa,"No.150, Rathnapura Road, Kalawana",DC Fast,CCS2,,6.535309,80.399937,"https://www.google.com/maps?q=6.535309,80.399937",Public (store/venue hours; Keells sites typically 24/7),active,johnkeellscgauto.com/charger-network,2026-07-27,Phase 1,exact
SL-0047,Keells - Embilipitiya,JKCG BYD Network,Ratnapura,Sabaragamuwa,"No. 248, Pallegama, Embilipitiya",DC Fast,"CCS2, CHAdeMO",,6.334065,80.853832,https://maps.app.goo.gl/USq75nYqScUowb736,Public (store/venue hours; Keells sites typically 24/7),active,johnkeellscgauto.com/charger-network,2026-07-27,Phase 1,approximate
SL-0048,Keells - Rathnapura Bandaranayake Mawatha,JKCG BYD Network,Ratnapura,Sabaragamuwa,"No. 42, Bandaranayake Mawatha, Rathnapura",DC Fast,"CCS2, CHAdeMO",,,,https://maps.app.goo.gl/T7EW3p2Y4bqGaSxZ6,Public (store/venue hours; Keells sites typically 24/7),active,johnkeellscgauto.com/charger-network,2026-07-27,Phase 1,
SL-0049,Kiriella Aroma Restaurant,JKCG BYD Network,Ratnapura,Sabaragamuwa,"Epitawa, Kiriella",DC Fast,CCS2,,6.740519,80.251075,"https://www.google.com/maps?q=6.740519,80.251075",Public (store/venue hours; Keells sites typically 24/7),active,johnkeellscgauto.com/charger-network,2026-07-27,Phase 1,exact
SL-0050,Kuruwita French Way,JKCG BYD Network,Ratnapura,Sabaragamuwa,"Paradise, Kuruwita",DC Fast,CCS2,,6.756205,80.375845,"https://www.google.com/maps?q=6.756205,80.375845",Public (store/venue hours; Keells sites typically 24/7),active,johnkeellscgauto.com/charger-network,2026-07-27,Phase 1,exact
SL-0051,Pelmadulla Silver Ray Grand,JKCG BYD Network,Ratnapura,Sabaragamuwa,"No.18, Dippitigala, Lelloitiya, Pelmadulla",DC Fast,CCS2,,6.657094,80.488171,"https://www.google.com/maps?q=6.657094,80.488171",Public (store/venue hours; Keells sites typically 24/7),active,johnkeellscgauto.com/charger-network,2026-07-27,Phase 1,exact
SL-0052,Ratnapura RTS Petroleum,JKCG BYD Network,Ratnapura,Sabaragamuwa,"No.270, New Town Road, Hidellana, Ratnapura",DC Fast,CCS2,,6.715841,80.38469,"https://www.google.com/maps?q=6.715841,80.38469",Public (store/venue hours; Keells sites typically 24/7),active,johnkeellscgauto.com/charger-network,2026-07-27,Phase 1,exact
SL-0053,Udawalawa vibeX Restaurant,JKCG BYD Network,Ratnapura,Sabaragamuwa,"No.456/1, Thanamalwila Road, Udawalawa",DC Fast,CCS2,,6.414204,80.797318,"https://www.google.com/maps?q=6.414204,80.797318",Public (store/venue hours; Keells sites typically 24/7),active,johnkeellscgauto.com/charger-network,2026-07-27,Phase 1,exact
SL-0054,Ambalangoda Edwins Studio & Laboratories,JKCG BYD Network,Galle,Southern,"No. 37/1/1, New Road, Galle Road, Ambalangoda",DC Fast,CCS2,,6.238078,80.054195,https://maps.app.goo.gl/vUwGrghePSdXu5mg8,Public (store/venue hours; Keells sites typically 24/7),active,johnkeellscgauto.com/charger-network,2026-07-27,Phase 1,approximate
SL-0055,Galle RTS Hypermarket,JKCG BYD Network,Galle,Southern,"No.270K, Colombo Road, Mahamodara, Dadalla, Galle",DC Fast,CCS2,,6.042232,80.195653,"https://www.google.com/maps?q=6.042232,80.195653",Public (store/venue hours; Keells sites typically 24/7),active,johnkeellscgauto.com/charger-network,2026-07-27,Phase 1,exact
SL-0056,Hikkaduwa Co-operative Beer Garden,JKCG BYD Network,Galle,Southern,"Galle Road, Hikkaduwa",DC Fast,CCS2,,6.137832,80.09936,"https://www.google.com/maps?q=6.137832,80.09936",Public (store/venue hours; Keells sites typically 24/7),active,johnkeellscgauto.com/charger-network,2026-07-27,Phase 1,exact
SL-0057,Induruwa Pandanus Beach Resort & Spa,JKCG BYD Network,Galle,Southern,"Galle Road, Induruwa",DC Fast,CCS2,,6.379734,80.009818,"https://www.google.com/maps?q=6.379734,80.009818",Public (store/venue hours; Keells sites typically 24/7),active,johnkeellscgauto.com/charger-network,2026-07-27,Phase 1,exact
SL-0058,Keells - Kalegana,JKCG BYD Network,Galle,Southern,"No. 465, Wackwella Road, Kalegana, Galle",DC Fast,"CCS2, CHAdeMO",,6.053665,80.186569,https://maps.app.goo.gl/cTCj33NmbdqzHDBaA,Public (store/venue hours; Keells sites typically 24/7),active,johnkeellscgauto.com/charger-network,2026-07-27,Phase 1,approximate
SL-0059,Keells - Karapitiya,JKCG BYD Network,Galle,Southern,"No. 54, Hirimbura Cross Road, Karapitiya",DC Fast,"CCS2, CHAdeMO",,6.063681,80.221872,"https://www.google.com/maps?q=6.063681,80.221872",Public (store/venue hours; Keells sites typically 24/7),active,johnkeellscgauto.com/charger-network + OpenStreetMap (ODbL) node/13288788784,2026-07-27,Phase 1,exact
SL-0060,Unawatuna Araliya Beach Resort & Spa,JKCG BYD Network,Galle,Southern,"Welladewala Road, Yaddehimulla, Unawatuna, Habaraduwa",DC Fast,CCS2,,6.008478,80.242472,"https://www.google.com/maps?q=6.008478,80.242472",Public (store/venue hours; Keells sites typically 24/7),active,johnkeellscgauto.com/charger-network,2026-07-27,Phase 1,exact
SL-0061,Agunukolapelessa Vehicle Charging Station,JKCG BYD Network,Hambantota,Southern,"No.22, Palugahawela, Agunakolapelessa",DC Fast,CCS2,,6.192882,80.867743,"https://www.google.com/maps?q=6.192882,80.867743",Public (store/venue hours; Keells sites typically 24/7),active,johnkeellscgauto.com/charger-network,2026-07-27,Phase 1,exact
SL-0062,Ambalantota Ruhunu Pub & Resort,JKCG BYD Network,Hambantota,Southern,"Tangalle Road, Mahaweediya, Ambalantota",DC Fast,CCS2,,6.122798,81.028571,"https://www.google.com/maps?q=6.122798,81.028571",Public (store/venue hours; Keells sites typically 24/7),active,johnkeellscgauto.com/charger-network,2026-07-27,Phase 1,exact
SL-0063,Ambalantota Sewa Lanka,JKCG BYD Network,Hambantota,Southern,"No.889/1, Ekassa, Ambalantota",DC Fast,CCS2,,6.116306,80.997418,"https://www.google.com/maps?q=6.116306,80.997418",Public (store/venue hours; Keells sites typically 24/7),active,johnkeellscgauto.com/charger-network,2026-07-27,Phase 1,exact
SL-0064,Hambantota Bird Park,JKCG BYD Network,Hambantota,Southern,"Walasmulla Road, Nagarawewa, Hambantota",DC Fast,CCS2,,6.215226,81.092492,"https://www.google.com/maps?q=6.215226,81.092492",Public (store/venue hours; Keells sites typically 24/7),active,johnkeellscgauto.com/charger-network,2026-07-27,Phase 1,exact
SL-0065,Keells - Tangalle,JKCG BYD Network,Hambantota,Southern,"No. 281, Matara Road, Tangalle",DC Fast,"CCS2, CHAdeMO",,6.037547,80.798779,https://maps.app.goo.gl/2tiwWei8H1MG3vzX8,Public (store/venue hours; Keells sites typically 24/7),active,johnkeellscgauto.com/charger-network,2026-07-27,Phase 1,approximate
SL-0066,Lunugamwehera - SNJ Ready Mix,JKCG BYD Network,Hambantota,Southern,Lunugamwehera - Airport Rd,DC Fast,"CCS2, CHAdeMO",,,,https://maps.app.goo.gl/mGpG5eAYxgG6WonQ8,Public (store/venue hours; Keells sites typically 24/7),active,johnkeellscgauto.com/charger-network,2026-07-27,Phase 1,
SL-0067,Mattala Namal Kalu Dodol,JKCG BYD Network,Hambantota,Southern,"No.22, Junction, Padawgama, Tissamaharama",DC Fast,CCS2,20 kW,6.347742,81.157989,"https://www.google.com/maps?q=6.347742,81.157989",Public (store/venue hours; Keells sites typically 24/7),active,johnkeellscgauto.com/charger-network,2026-07-27,Phase 1,exact
SL-0068,Tissamaharama - Iresha Food City,JKCG BYD Network,Hambantota,Southern,"Tissa Road, Debarawewa, Tissamaharama",DC Fast,"CCS2, CHAdeMO",,6.278638,81.285503,https://maps.app.goo.gl/Z3MCZTVdNQZ8u1At5,Public (store/venue hours; Keells sites typically 24/7),active,johnkeellscgauto.com/charger-network,2026-07-27,Phase 1,approximate
SL-0069,Weerawila DoubleTree by Hilton,JKCG BYD Network,Hambantota,Southern,"Weerawila Watta, Weerawila",DC Fast,CCS2,,6.282993,81.232037,"https://www.google.com/maps?q=6.282993,81.232037",Public (store/venue hours; Keells sites typically 24/7),active,johnkeellscgauto.com/charger-network,2026-07-27,Phase 1,exact
SL-0070,Keells - Matara 2,JKCG BYD Network,Matara,Southern,"No. 361, Welewatta, Matara",DC Fast,"CCS2, CHAdeMO",,5.948133,80.545404,https://maps.app.goo.gl/ZqpqxCa52umspHSn9,Public (store/venue hours; Keells sites typically 24/7),active,johnkeellscgauto.com/charger-network,2026-07-27,Phase 1,approximate
SL-0071,Matara Banet Motors,JKCG BYD Network,Matara,Southern,"Mahapelwatte, Thudawe, Matara",DC Fast,CCS2,,5.96039,80.546281,"https://www.google.com/maps?q=5.96039,80.546281",Public (store/venue hours; Keells sites typically 24/7),active,johnkeellscgauto.com/charger-network,2026-07-27,Phase 1,exact
SL-0072,Matara Polhena Grand Resort,JKCG BYD Network,Matara,Southern,"No.111, Polhena Road, Matara",DC Fast,CCS2,,5.937411,80.52401,"https://www.google.com/maps?q=5.937411,80.52401",Public (store/venue hours; Keells sites typically 24/7),active,johnkeellscgauto.com/charger-network,2026-07-27,Phase 1,exact
SL-0073,Matara Samagi Textiles,JKCG BYD Network,Matara,Southern,"No. 80, Meera Road, Issadeen Town, Matara",DC Fast,CCS2,,5.950247,80.542326,"https://www.google.com/maps?q=5.950247,80.542326",Public (store/venue hours; Keells sites typically 24/7),active,johnkeellscgauto.com/charger-network,2026-07-27,Phase 1,exact
SL-0074,Matara Sujith Auto Electricals,JKCG BYD Network,Matara,Southern,"No.445/A, Galle Road, Pamburana, Matara",DC Fast,CCS2,,5.944933,80.52719,"https://www.google.com/maps?q=5.944933,80.52719",Public (store/venue hours; Keells sites typically 24/7),active,johnkeellscgauto.com/charger-network,2026-07-27,Phase 1,exact
SL-0075,Ella Oak Ray Ella Gap Hotel,JKCG BYD Network,Badulla,Uva,"No.10, Passara Road, Ella",DC Fast,CCS2,,6.872926,81.049544,"https://www.google.com/maps?q=6.872926,81.049544",Public (store/venue hours; Keells sites typically 24/7),active,johnkeellscgauto.com/charger-network,2026-07-27,Phase 1,exact
SL-0076,Mahiyangana Raja Maha Viharaya,JKCG BYD Network,Badulla,Uva,Mahiyanganaya Rajamahaviharaya,DC Fast,CCS2,,7.319750,80.991971,"https://www.google.com/maps?q=7.319750,80.991971",Public (store/venue hours; Keells sites typically 24/7),active,johnkeellscgauto.com/charger-network,2026-07-27,Phase 1,exact
SL-0077,Bibile Piyestra Showroom,JKCG BYD Network,Monaragala,Uva,"No. 179, Main Street, Bibile",DC Fast,CCS2,,7.16009,81.225414,https://maps.app.goo.gl/sYJBDGLZHNsw6SLMA,Public (store/venue hours; Keells sites typically 24/7),active,johnkeellscgauto.com/charger-network,2026-07-27,Phase 1,approximate
SL-0078,Buttala Eranga,JKCG BYD Network,Monaragala,Uva,"No 85, Wellawaya Road, Buttala",DC Fast,CCS2,,6.756335,81.233596,"https://www.google.com/maps?q=6.756335,81.233596",Public (store/venue hours; Keells sites typically 24/7),active,johnkeellscgauto.com/charger-network,2026-07-27,Phase 1,exact
SL-0079,Kataragama Barista,JKCG BYD Network,Monaragala,Uva,"No.60, Detagamuwa, Kataragama",DC Fast,CCS2,,6.412642,81.32954,"https://www.google.com/maps?q=6.412642,81.32954",Public (store/venue hours; Keells sites typically 24/7),active,johnkeellscgauto.com/charger-network,2026-07-27,Phase 1,exact
SL-0080,Lunugamwehera SNJ Ready Mix (Kataragama),JKCG BYD Network,Monaragala,Uva,"No. 19, New Town, Kataragama",DC Fast,CCS2,,6.374224,81.296809,"https://www.google.com/maps?q=6.374224,81.296809",Public (store/venue hours; Keells sites typically 24/7),active,johnkeellscgauto.com/charger-network,2026-07-27,Phase 1,exact
SL-0081,Monaragala Manjari Bakers & Restaurant,JKCG BYD Network,Monaragala,Uva,"No. 128, Pothuvil Road, Monaragala",DC Fast,CCS2,,,,https://maps.app.goo.gl/z1XGqp9b6EXNUep1A,Public (store/venue hours; Keells sites typically 24/7),active,johnkeellscgauto.com/charger-network,2026-07-27,Phase 1,
SL-0082,Siyabalanduwa Amarasiri Motors,JKCG BYD Network,Monaragala,Uva,"1st Mile Post, Ampara Road, Siyabalanduwa",DC Fast,CCS2,,6.916309,81.558289,"https://www.google.com/maps?q=6.916309,81.558289",Public (store/venue hours; Keells sites typically 24/7),active,johnkeellscgauto.com/charger-network,2026-07-27,Phase 1,exact
SL-0083,Tissamaharama Kithala Resort,JKCG BYD Network,Monaragala,Uva,"Kataragama Road, Tissamaharama",DC Fast,CCS2,,6.292482,81.297424,"https://www.google.com/maps?q=6.292482,81.297424",Public (store/venue hours; Keells sites typically 24/7),active,johnkeellscgauto.com/charger-network,2026-07-27,Phase 1,exact
SL-0084,Wellawaya Boat Kitchen,JKCG BYD Network,Monaragala,Uva,"No. 11B, Sawbhagya, Kotaweheragala, Wellawaya",DC Fast,CCS2,,6.734868,81.099212,"https://www.google.com/maps?q=6.734868,81.099212",Public (store/venue hours; Keells sites typically 24/7),active,johnkeellscgauto.com/charger-network,2026-07-27,Phase 1,exact
SL-0085,Awissawella Trimanna Furniture House,JKCG BYD Network,Colombo,Western,"No.866, Yatiyanthota Road, Avissawella",DC Fast,CCS2,,6.958977,80.223432,"https://www.google.com/maps?q=6.958977,80.223432",Public (store/venue hours; Keells sites typically 24/7),active,johnkeellscgauto.com/charger-network,2026-07-27,Phase 1,exact
SL-0086,Boralesgamuwa NMI,JKCG BYD Network,Colombo,Western,"No.333/10, 2nd Byroad, Old Kesbewa Road, Raththanapitiya, Boralesgamuwa",DC Fast,CCS2,,6.850594,79.897905,"https://www.google.com/maps?q=6.850594,79.897905",Public (store/venue hours; Keells sites typically 24/7),active,johnkeellscgauto.com/charger-network,2026-07-27,Phase 1,exact
SL-0087,chargeNET - Koswatta,chargeNET,Colombo,Western,"Near 8th Milepost Keells Super, Koswatta, Battaramulla",DC Fast,"CCS2, CHAdeMO",30 kW,6.904118,79.900418,https://www.plugshare.com/location/290338,Public (chargeNET app),active,plugshare.com / chargenet.lk,2026-07-27,Phase 1,approximate
SL-0088,Coffee Bean (Ingiriya),JKCG BYD Network,Colombo,Western,"306A, Handapangoda Road, Rathmalgoda, Poruwadanda, Ingiriya",DC Fast,CCS2,,6.906298,79.903988,"https://www.google.com/maps?q=6.906298,79.903988",Public (store/venue hours; Keells sites typically 24/7),active,johnkeellscgauto.com/charger-network,2026-07-27,Phase 1,exact
SL-0089,Delkanda Barista,JKCG BYD Network,Colombo,Western,"No.601, High Level Road, Gangodawila, Nugegoda",DC Fast,CCS2,,6.861494,79.905163,"https://www.google.com/maps?q=6.861494,79.905163",Public (store/venue hours; Keells sites typically 24/7),active,johnkeellscgauto.com/charger-network,2026-07-27,Phase 1,exact
SL-0090,Havelock Cafe 413,JKCG BYD Network,Colombo,Western,"413 Havelock Road, Colombo 5",DC Fast,CCS2,,6.879619,79.869599,"https://www.google.com/maps?q=6.879619,79.869599",Public (store/venue hours; Keells sites typically 24/7),active,johnkeellscgauto.com/charger-network,2026-07-27,Phase 1,exact
SL-0091,Keells - Athurugiriya 3,JKCG BYD Network,Colombo,Western,"No. 294/1B, Godagama Road, Athurugiriya",DC Fast,"CCS2, CHAdeMO",,6.873151,79.995094,https://share.google/86YJDxfMFTOzDaTrl,Public (store/venue hours; Keells sites typically 24/7),active,johnkeellscgauto.com/charger-network,2026-07-27,Phase 1,approximate
SL-0092,Keells - Attidiya,JKCG BYD Network,Colombo,Western,"No. 485A, Attidiya Road, Bellanthotha, Dehiwala",DC Fast,"CCS2, CHAdeMO",,6.851279,79.865977,https://maps.app.goo.gl/sZZBV3YfVNtGvFpk8,Public (store/venue hours; Keells sites typically 24/7),active,johnkeellscgauto.com/charger-network,2026-07-27,Phase 1,approximate
SL-0093,Keells - Avissawella,JKCG BYD Network,Colombo,Western,"No. 57, Kiriwandala, Avissawella",DC Fast,"CCS2, CHAdeMO",,6.952121,80.212859,https://maps.app.goo.gl/9kZ2mkzEYdUtvz1z8,Public (store/venue hours; Keells sites typically 24/7),active,johnkeellscgauto.com/charger-network,2026-07-27,Phase 1,approximate
SL-0094,Keells - Battaramulla,JKCG BYD Network,Colombo,Western,"No. 1024 & 1027, Pannipitiya Road, Battaramulla",DC Fast,"CCS2, CHAdeMO",,6.896631,79.922339,https://maps.app.goo.gl/qUvrDd22tMBWQxux8,Public (store/venue hours; Keells sites typically 24/7),active,johnkeellscgauto.com/charger-network,2026-07-27,Phase 1,approximate
SL-0095,Keells - Darley Road,JKCG BYD Network,Colombo,Western,"No. 460, T. B. Jaya Mawatha, Colombo 10",DC Fast,"CCS2, CHAdeMO",,,,https://maps.app.goo.gl/i6mUZKuSRyjPANcX7,Public (store/venue hours; Keells sites typically 24/7),active,johnkeellscgauto.com/charger-network,2026-07-27,Phase 1,
SL-0096,Keells - K-Zone Moratuwa,JKCG BYD Network,Colombo,Western,"No. 340, K-Zone, Lakshapathiya, Moratuwa",DC Fast,"CCS2, CHAdeMO",,6.774682,79.88261,https://maps.app.goo.gl/DdFHBDUYF1vjvQy47,Public (store/venue hours; Keells sites typically 24/7),active,johnkeellscgauto.com/charger-network,2026-07-27,Phase 1,approximate
SL-0097,Keells - Kaduwela,JKCG BYD Network,Colombo,Western,"No. 131/6, Hewagama, Kaduwela",DC Fast,"CCS2, CHAdeMO",,6.933196,79.975466,https://maps.app.goo.gl/8d5Y6BSVXcyQ4yfG9,Public (store/venue hours; Keells sites typically 24/7),active,johnkeellscgauto.com/charger-network,2026-07-27,Phase 1,approximate
SL-0098,Keells - Kahathuduwa,JKCG BYD Network,Colombo,Western,"No.13 Horana Road, Rilawala, Polgasowita",DC Fast,"CCS2, CHAdeMO",,6.787313,79.963865,https://share.google/yXsfbXKeFjhGkVq6g,Public (store/venue hours; Keells sites typically 24/7),active,johnkeellscgauto.com/charger-network,2026-07-27,Phase 1,approximate
SL-0099,Keells - Kalalgoda,JKCG BYD Network,Colombo,Western,"No. 158, Pannipitiya Road, Thalawathugoda",DC Fast,"CCS2, CHAdeMO",,,,https://maps.app.goo.gl/LasUu9V2Ho88KPKCA,Public (store/venue hours; Keells sites typically 24/7),active,johnkeellscgauto.com/charger-network,2026-07-27,Phase 1,
SL-0100,Keells - Kalubowila,JKCG BYD Network,Colombo,Western,"No. 53, Hospital Road, Kalubowila, Dehiwala",DC Fast,"CCS2, CHAdeMO",,6.863702,79.868437,https://maps.app.goo.gl/2hGFKnZ6jFBUmTmCA,Public (store/venue hours; Keells sites typically 24/7),active,johnkeellscgauto.com/charger-network,2026-07-27,Phase 1,approximate
SL-0101,Keells - Kohuwala 2,JKCG BYD Network,Colombo,Western,"No. 71, Sunethradevi Road, Kohuwala",DC Fast,"CCS2, CHAdeMO",,6.867054,79.884735,https://maps.app.goo.gl/Rxw7qo5kBueqR86t7,Public (store/venue hours; Keells sites typically 24/7),active,johnkeellscgauto.com/charger-network,2026-07-27,Phase 1,approximate
SL-0102,Keells - Kottawa 3,JKCG BYD Network,Colombo,Western,"No. 139, Athurugiriya Road, Kottawa",DC Fast,"CCS2, CHAdeMO",,6.844438,79.969406,https://maps.app.goo.gl/mA9uderLn2TAbhGv6,Public (store/venue hours; Keells sites typically 24/7),active,johnkeellscgauto.com/charger-network,2026-07-27,Phase 1,approximate
SL-0103,Keells - Maharagama,JKCG BYD Network,Colombo,Western,"No. 226, High Level Road, Maharagama",DC Fast,"CCS2, CHAdeMO",,6.846158,79.928215,https://share.google/sjbU0lnmytc5Bt1mp,Public (store/venue hours; Keells sites typically 24/7),active,johnkeellscgauto.com/charger-network,2026-07-27,Phase 1,approximate
SL-0104,"Keells - Nedimala, Dehiwala",JKCG BYD Network,Colombo,Western,"No. 268, Sir D. B. Jayathilake Mawatha (Hill Street), Dehiwala",DC Fast,"CCS2, CHAdeMO",,6.851279,79.865977,https://share.google/IxcQXTR0gdHeuk9nz,Public (store/venue hours; Keells sites typically 24/7),active,johnkeellscgauto.com/charger-network,2026-07-27,Phase 1,approximate
SL-0105,Keells - Nugegoda,JKCG BYD Network,Colombo,Western,"No. 14, Nawala Road, Nugegoda",DC Fast,"CCS2, CHAdeMO",,6.887383,79.883459,https://maps.app.goo.gl/oQ1WnHWiRQphRjKN7,Public (store/venue hours; Keells sites typically 24/7),active,johnkeellscgauto.com/charger-network,2026-07-27,Phase 1,approximate
SL-0106,Keells - Pitakotte 2 (Nagawihara),JKCG BYD Network,Colombo,Western,"No. 308, Kotte Road, Pitakotte",DC Fast,"CCS2, CHAdeMO",,6.890042,79.903263,https://share.google/c5RVr6deIYtAMWE0k,Public (store/venue hours; Keells sites typically 24/7),active,johnkeellscgauto.com/charger-network,2026-07-27,Phase 1,approximate
SL-0107,Keells - Rathmalana,JKCG BYD Network,Colombo,Western,"No. 413, Galle Road, Rathmalana",DC Fast,"CCS2, CHAdeMO",,6.872214,79.899045,https://maps.app.goo.gl/UJAVmpughNGEcqHe7,Public (store/venue hours; Keells sites typically 24/7),active,johnkeellscgauto.com/charger-network,2026-07-27,Phase 1,approximate
SL-0108,Keells - Werahera Boralesgamuwa,JKCG BYD Network,Colombo,Western,"No. 105/1, Kesbewa Road, Katuwala, Boralesgamuwa",DC Fast,"CCS2, CHAdeMO",,6.84106,79.901703,https://maps.app.goo.gl/sMS9JGeeHKa45iHD7,Public (store/venue hours; Keells sites typically 24/7),active,johnkeellscgauto.com/charger-network,2026-07-27,Phase 1,approximate
SL-0109,Nawinna Arpico Super Centre,JKCG BYD Network,Colombo,Western,"No. 310, High Level Road, Navinna, Maharagama",DC Fast,CCS2,,6.852591,79.917672,https://maps.app.goo.gl/awtjVkJ9PBqtMtq1A,Public (store/venue hours; Keells sites typically 24/7),active,johnkeellscgauto.com/charger-network,2026-07-27,Phase 1,approximate
SL-0110,Pannipitiya Green Warehouse,JKCG BYD Network,Colombo,Western,"Hokandara Road, Moraketiya",DC Fast,CCS2,,6.846987,79.952601,"https://www.google.com/maps?q=6.846987,79.952601",Public (store/venue hours; Keells sites typically 24/7),active,johnkeellscgauto.com/charger-network,2026-07-27,Phase 1,exact
SL-0111,Piliyandala - Super K,JKCG BYD Network,Colombo,Western,"No. 237, Moratuwa Road, Suwarapola, Piliyandala",DC Fast,CCS2,,6.798378,79.915097,"https://www.google.com/maps?q=6.798378,79.915097",Public (store/venue hours; Keells sites typically 24/7),active,johnkeellscgauto.com/charger-network,2026-07-27,Phase 1,exact
SL-0112,Wellawatte - Cafe No.413,JKCG BYD Network,Colombo,Western,"413 Havelock Rd, Colombo 00600",DC Fast,"CCS2, CHAdeMO",,,,https://maps.app.goo.gl/LvSXkvyNza2GsDJA9,Public (store/venue hours; Keells sites typically 24/7),active,johnkeellscgauto.com/charger-network,2026-07-27,Phase 1,
SL-0113,Keells - Eldeniya,JKCG BYD Network,Gampaha,Western,"No. 434, Kandy Road, Ranmuthugala, Kadawatha",DC Fast,"CCS2, CHAdeMO",,7.002137,79.951227,https://maps.app.goo.gl/gbXWiTYUkER4xrZd6,Public (store/venue hours; Keells sites typically 24/7),active,johnkeellscgauto.com/charger-network,2026-07-27,Phase 1,approximate
SL-0114,Keells - Ja Ela 2,JKCG BYD Network,Gampaha,Western,"No. 134, Minuwangoda Road, Kanuwana, Ja Ela",DC Fast,"CCS2, CHAdeMO",,7.084803,79.893217,https://maps.app.goo.gl/RMD1dHspzSCcJbdm8,Public (store/venue hours; Keells sites typically 24/7),active,johnkeellscgauto.com/charger-network,2026-07-27,Phase 1,approximate
SL-0115,Keells - Kiribathgoda,JKCG BYD Network,Gampaha,Western,"No. 197, Kandy Road, Kiribathgoda",DC Fast,"CCS2, CHAdeMO",,6.973189,79.919103,https://maps.app.goo.gl/CqL94t1WQ7vTK9797,Public (store/venue hours; Keells sites typically 24/7),active,johnkeellscgauto.com/charger-network,2026-07-27,Phase 1,approximate
SL-0116,Keells - Kurana,JKCG BYD Network,Gampaha,Western,"No. 800, 2nd Kurana, Colombo Road, Negombo",DC Fast,"CCS2, CHAdeMO",,7.223263,79.848246,https://maps.app.goo.gl/rX4SoBRbbHfGHmZj8,Public (store/venue hours; Keells sites typically 24/7),active,johnkeellscgauto.com/charger-network,2026-07-27,Phase 1,approximate
SL-0117,Keells - Minuwangoda,JKCG BYD Network,Gampaha,Western,"No. 28, Veyangoda Road, Minuwangoda",DC Fast,"CCS2, CHAdeMO",,7.171808,79.956274,https://maps.app.goo.gl/RV87RvydjkNgPXT29,Public (store/venue hours; Keells sites typically 24/7),active,johnkeellscgauto.com/charger-network,2026-07-27,Phase 1,approximate
SL-0118,Keells - Miriswatta,JKCG BYD Network,Gampaha,Western,"No. 03, Miriswatta, Gampaha",DC Fast,"CCS2, CHAdeMO",,7.197418,79.935012,https://maps.app.goo.gl/oYGiBRhELrXemsCRA,Public (store/venue hours; Keells sites typically 24/7),active,johnkeellscgauto.com/charger-network,2026-07-27,Phase 1,approximate
SL-0119,Keells - Wattala,JKCG BYD Network,Gampaha,Western,"No. 384, Negombo Road, Wattala",DC Fast,"CCS2, CHAdeMO",,6.975297,79.887786,https://maps.app.goo.gl/J53dtPJJbPYeXooG8,Public (store/venue hours; Keells sites typically 24/7),active,johnkeellscgauto.com/charger-network,2026-07-27,Phase 1,approximate
SL-0120,Pasyala Nihal Family Restaurant,JKCG BYD Network,Gampaha,Western,"No.15/99, Dobhagahalanda Watta Road, Aththanagalla Road, Nittambuwa",DC Fast,CCS2,,7.167478,80.122898,"https://www.google.com/maps?q=7.167478,80.122898",Public (store/venue hours; Keells sites typically 24/7),active,johnkeellscgauto.com/charger-network,2026-07-27,Phase 1,exact
SL-0121,Seeduwa Calton,JKCG BYD Network,Gampaha,Western,"No.98/1/B, Colombo Road, Liyanamulla, Seeduwa",DC Fast,CCS2,,7.151083,79.872952,"https://www.google.com/maps?q=7.151083,79.872952",Public (store/venue hours; Keells sites typically 24/7),active,johnkeellscgauto.com/charger-network,2026-07-27,Phase 1,exact
SL-0122,Aluthgama Pier88 Restaurant,JKCG BYD Network,Kalutara,Western,"No. 90/1, Welipenna Road, Aluthgama",DC Fast,CCS2,,6.428703,80.000927,"https://www.google.com/maps?q=6.428703,80.000927",Public (store/venue hours; Keells sites typically 24/7),active,johnkeellscgauto.com/charger-network,2026-07-27,Phase 1,exact
SL-0123,Horana - MDK Hospital,JKCG BYD Network,Kalutara,Western,"No.149, Anguruwathota Road, Horana",DC Fast,CCS2,,6.714137,80.063882,"https://www.google.com/maps?q=6.714137,80.063882",Public (store/venue hours; Keells sites typically 24/7),active,johnkeellscgauto.com/charger-network,2026-07-27,Phase 1,exact
SL-0124,Kaluthara Tyre World,JKCG BYD Network,Kalutara,Western,"No. 30, Nagashandiya, Galle Road, Waskaduwa",DC Fast,CCS2,,6.609772,79.951989,"https://www.google.com/maps?q=6.609772,79.951989",Public (store/venue hours; Keells sites typically 24/7),active,johnkeellscgauto.com/charger-network,2026-07-27,Phase 1,exact
SL-0125,Kaluthara Western Solar,JKCG BYD Network,Kalutara,Western,"Duwa Waththa, Palawatta",DC Fast,CCS2,,6.406539,80.215831,"https://www.google.com/maps?q=6.406539,80.215831",Public (store/venue hours; Keells sites typically 24/7),active,johnkeellscgauto.com/charger-network,2026-07-27,Phase 1,exact
SL-0126,Keells - Horana,JKCG BYD Network,Kalutara,Western,"No. 233, Rathnapura Road, Horana",DC Fast,"CCS2, CHAdeMO",,,,https://maps.app.goo.gl/U3Zu3WYxk3RQSqLS7,Public (store/venue hours; Keells sites typically 24/7),active,johnkeellscgauto.com/charger-network,2026-07-27,Phase 1,
SL-0127,Keells - Kalutara,JKCG BYD Network,Kalutara,Western,"No. 735, Galle Road, Wettumakada, Kalutara South",DC Fast,"CCS2, CHAdeMO",,,,https://maps.app.goo.gl/ujsXKcE5Fgh9UqBh7,Public (store/venue hours; Keells sites typically 24/7),active,johnkeellscgauto.com/charger-network,2026-07-27,Phase 1,
SL-0128,Keells - Nalluruwa,JKCG BYD Network,Kalutara,Western,"No. 735, Galle Road, Nalluruwa, Panadura",DC Fast,"CCS2, CHAdeMO",,6.700955,79.912748,https://maps.app.goo.gl/yT6VDX6q4LMZLy1G7,Public (store/venue hours; Keells sites typically 24/7),active,johnkeellscgauto.com/charger-network,2026-07-27,Phase 1,exact
SL-0129,Maggona New Monis Bakery,JKCG BYD Network,Kalutara,Western,"Galle Road, Maggona",DC Fast,CCS2,,6.502731,79.980022,"https://www.google.com/maps?q=6.502731,79.980022",Public (store/venue hours; Keells sites typically 24/7),active,johnkeellscgauto.com/charger-network,2026-07-27,Phase 1,exact
SL-0130,EV Fast Charging Station,Electro Automotives,Colombo,Western,"Fairfield Garden, Borella, Colombo",DC Fast,,,6.914060,79.879851,"https://www.google.com/maps?q=6.914060,79.879851",Public,active,OpenStreetMap (ODbL) node/3690351891,2026-07-29,Phase 2 - Colombo,exact
SL-0131,Spark EV Electric Car Rapid Charging Point,Spark EV,Colombo,Western,"Dhammalankara Mawatha, Dehiwala",DC Fast,,,6.850292,79.868771,"https://www.google.com/maps?q=6.850292,79.868771",Public,active,OpenStreetMap (ODbL) node/3937787392,2026-07-29,Phase 2 - Colombo,exact
SL-0132,chargeNET Fast Charger,chargeNET,Colombo,Western,"Trace Lane, Suduwella, Colombo",DC Fast,,,6.930093,79.860671,"https://www.google.com/maps?q=6.930093,79.860671",Public,active,OpenStreetMap (ODbL) node/3937888785,2026-07-29,Phase 2 - Colombo,exact
SL-0133,Fast Charging Station,Green Frontiers,Colombo,Western,"High Level Road, Kottawa",DC Fast,,,6.838699,79.978859,"https://www.google.com/maps?q=6.838699,79.978859",Public,active,OpenStreetMap (ODbL) node/3944969223,2026-07-29,Phase 2 - Colombo,exact
SL-0134,EV Fast Charging Station,Solar Life Technologies,Colombo,Western,"High Level Road, Godagama",DC Fast,CHAdeMO,,6.852799,80.036597,"https://www.google.com/maps?q=6.852799,80.036597",Public,active,OpenStreetMap (ODbL) node/3945003127,2026-07-29,Phase 2 - Colombo,exact
SL-0135,EV Fast Charging Station,Green Frontiers,Colombo,Western,"Udumulla road, Battaramulla",DC Fast,,,6.906771,79.922185,"https://www.google.com/maps?q=6.906771,79.922185",Public,active,OpenStreetMap (ODbL) node/3960828206,2026-07-29,Phase 2 - Colombo,exact
SL-0136,Laugfs EV charging Station,Independent / unverified,Colombo,Western,"Sri Sambuddhatwa Jayanthi Mawatha (Havelock Road), Havelock Town, Colombo",,,,6.885601,79.865875,"https://www.google.com/maps?q=6.885601,79.865875",Public,active,OpenStreetMap (ODbL) node/4177457017,2026-07-29,Phase 2 - Colombo,exact
SL-0137,EV Charging Point — Kaldemulla,Independent / unverified,Colombo,Western,"Jaya Mawatha, Kaldemulla",,,,6.819951,79.880093,"https://www.google.com/maps?q=6.819951,79.880093",Public,active,OpenStreetMap (ODbL) node/4451143992,2026-07-29,Phase 2 - Colombo,exact
SL-0138,EV Charging Point — Rawathawatta,Independent / unverified,Colombo,Western,"Galle Road, Rawathawatta",,,,6.795754,79.887607,"https://www.google.com/maps?q=6.795754,79.887607",Public,active,OpenStreetMap (ODbL) node/4451143993,2026-07-29,Phase 2 - Colombo,exact
SL-0139,EV Charging Point — Kosgama,Independent / unverified,Colombo,Western,"High Level Road, Kosgama",,,,6.939710,80.162552,"https://www.google.com/maps?q=6.939710,80.162552",Public,active,OpenStreetMap (ODbL) node/4451144491,2026-07-29,Phase 2 - Colombo,exact
SL-0140,EV Charging Point — Ja-ela,Independent / unverified,Gampaha,Western,"Negombo Road, Ja-ela",,,,7.069590,79.894028,"https://www.google.com/maps?q=7.069590,79.894028",Public,active,OpenStreetMap (ODbL) node/4451147392,2026-07-29,Phase 2 - Colombo,exact
SL-0141,Car Charging Station,Independent / unverified,Gampaha,Western,"Wattala-Mahara Road, Pahala Biyanwila",,,,6.992015,79.938903,"https://www.google.com/maps?q=6.992015,79.938903",Public,active,OpenStreetMap (ODbL) node/4451148890,2026-07-29,Phase 2 - Colombo,exact
SL-0142,EV Charging Point — Pattiya,Independent / unverified,Gampaha,Western,"Colombo-Kandy Road, Pattiya",,,,6.963494,79.896164,"https://www.google.com/maps?q=6.963494,79.896164",Public,active,OpenStreetMap (ODbL) node/4451148891,2026-07-29,Phase 2 - Colombo,exact
SL-0143,EV Charging Point — Ja-ela,Independent / unverified,Gampaha,Western,"Negombo Road, Ja-ela",,,,7.033748,79.898717,"https://www.google.com/maps?q=7.033748,79.898717",Public,active,OpenStreetMap (ODbL) node/4451149089,2026-07-29,Phase 2 - Colombo,exact
SL-0144,EV Charging Point — Maradana,Independent / unverified,Colombo,Western,"T. B. Jayah Mawatha, Maradana, Colombo",,,,6.927314,79.862356,"https://www.google.com/maps?q=6.927314,79.862356",Public,active,OpenStreetMap (ODbL) node/4451149090,2026-07-29,Phase 2 - Colombo,exact
SL-0145,EV Charging Point — Walana,Independent / unverified,Kalutara,Western,"Goods Shed Rd, Walana",,,,6.711624,79.904326,"https://www.google.com/maps?q=6.711624,79.904326",Public,active,OpenStreetMap (ODbL) node/4451149091,2026-07-29,Phase 2 - Colombo,exact
SL-0146,EV Charging Point — Kotikawaththa,Independent / unverified,Colombo,Western,"Buthgamuwa Road, Kotikawaththa",,,,6.924473,79.914092,"https://www.google.com/maps?q=6.924473,79.914092",Public,active,OpenStreetMap (ODbL) node/4451149289,2026-07-29,Phase 2 - Colombo,exact
SL-0147,EV Charging Point — Makumbura,Independent / unverified,Colombo,Western,"Kottawa - Malabe Road, Makumbura",,,,6.839546,79.972626,"https://www.google.com/maps?q=6.839546,79.972626",Public,active,OpenStreetMap (ODbL) node/4451149389,2026-07-29,Phase 2 - Colombo,exact
SL-0148,EV Charging Point — Kirillawala,Independent / unverified,Gampaha,Western,"Colombo-Kandy Road, Kirillawala",,,,7.020657,79.972714,"https://www.google.com/maps?q=7.020657,79.972714",Public,active,OpenStreetMap (ODbL) node/4459877593,2026-07-29,Phase 2 - Colombo,exact
SL-0149,EV Charging Point — Ethul Kotte,Independent / unverified,Colombo,Western,"Main Street (New Kandy Road), Ethul Kotte",,,,6.902573,79.913140,"https://www.google.com/maps?q=6.902573,79.913140",Public,active,OpenStreetMap (ODbL) node/4459877594,2026-07-29,Phase 2 - Colombo,exact
SL-0150,EV Charging Point — Kadawatha,Independent / unverified,Gampaha,Western,"Jaya Mawatha, Kadawatha",,,,7.002357,79.954302,"https://www.google.com/maps?q=7.002357,79.954302",Public,active,OpenStreetMap (ODbL) node/4459877794,2026-07-29,Phase 2 - Colombo,exact
SL-0151,EV Charging Point — Lunupokuna,Ceylon Electricity Board,Colombo,Western,"New Kelani Bridge Road, Lunupokuna",,,,6.950896,79.877821,"https://www.google.com/maps?q=6.950896,79.877821",Public,active,OpenStreetMap (ODbL) node/4620113896,2026-07-29,Phase 2 - Colombo,exact
SL-0152,EV Charging Point — Pannipitiya,Ceylon Electricity Board,Colombo,Western,"High Level Road, Pannipitiya",,,,6.844879,79.940811,"https://www.google.com/maps?q=6.844879,79.940811",Public,active,OpenStreetMap (ODbL) node/5572310212,2026-07-29,Phase 2 - Colombo,exact
SL-0153,EV Charging Point — Kollupitiya,Independent / unverified,Colombo,Western,"Mahanuga Gardens, Kollupitiya, Colombo",,,,6.917317,79.849178,"https://www.google.com/maps?q=6.917317,79.849178",Public,active,OpenStreetMap (ODbL) node/11180738152,2026-07-29,Phase 2 - Colombo,exact
SL-0154,EV Charging Point — Bambalapitiya,Independent / unverified,Colombo,Western,"Ananda Coomaraswamy Mawatha, Bambalapitiya, Colombo",,,,6.911854,79.854681,"https://www.google.com/maps?q=6.911854,79.854681",Public,active,OpenStreetMap (ODbL) node/12618001001,2026-07-29,Phase 2 - Colombo,exact
SL-0155,EV Charging Station,Car Master,Puttalam,North Western,"Colombo-Puttalam Road, Koswadiya",,,,7.436693,79.831012,"https://www.google.com/maps?q=7.436693,79.831012",Public,active,OpenStreetMap (ODbL) node/3960838257,2026-07-29,Phase 3 - Island-wide,exact
SL-0156,EV Charging Station,Wasana Traders,Galle,Southern,"Karapitiya - Labuduwa Road, Karapitiya, Galle",,,,6.067901,80.227929,"https://www.google.com/maps?q=6.067901,80.227929",Public,active,OpenStreetMap (ODbL) node/3960886457,2026-07-29,Phase 3 - Island-wide,exact
SL-0157,EV Charging Point — Katugoda,Independent / unverified,Galle,Southern,"Galle Port Access Road, Katugoda",,,,6.051799,80.257893,"https://www.google.com/maps?q=6.051799,80.257893",Public,active,OpenStreetMap (ODbL) node/4352148389,2026-07-29,Phase 3 - Island-wide,exact
SL-0158,EV Charging Point — Hambantota Port,Independent / unverified,Hambantota,Southern,"Old Hambantota Road, Magampura Mahinda Rajapaksa Sovereign Port Area, Hambantota",,,,6.116168,81.090572,"https://www.google.com/maps?q=6.116168,81.090572",Public,active,OpenStreetMap (ODbL) node/4451137191,2026-07-29,Phase 3 - Island-wide,exact
SL-0159,EV Charging Point — Wennappuwa,Independent / unverified,Puttalam,North Western,"Colombo-Puttalam Road, Wennappuwa",,,,7.440822,79.830460,"https://www.google.com/maps?q=7.440822,79.830460",Public,active,OpenStreetMap (ODbL) node/4451138991,2026-07-29,Phase 3 - Island-wide,exact
SL-0160,EV Charging Point — Madawala,Independent / unverified,Kandy,Central,"Madawala Road, Madawala",,,,7.324522,80.661639,"https://www.google.com/maps?q=7.324522,80.661639",Public,active,OpenStreetMap (ODbL) node/4451141690,2026-07-29,Phase 3 - Island-wide,exact
SL-0161,EV Charging Point — Ambepussa,Independent / unverified,Kegalle,Sabaragamuwa,"Colombo-Kandy Road, Ambepussa",,,,7.236388,80.207732,"https://www.google.com/maps?q=7.236388,80.207732",Public,active,OpenStreetMap (ODbL) node/4451141691,2026-07-29,Phase 3 - Island-wide,exact
SL-0162,EV Charging Point — Balangoda,Independent / unverified,Ratnapura,Sabaragamuwa,"Ratunapura-Wellawaya Road, Balangoda",,,,6.644586,80.700684,"https://www.google.com/maps?q=6.644586,80.700684",Public,active,OpenStreetMap (ODbL) node/4451141692,2026-07-29,Phase 3 - Island-wide,exact
SL-0163,EV Charging Point — Anuradhapura,Independent / unverified,Anuradhapura,North Central,"D. S. Senanayake Mawatha, Anuradhapura",,,,8.317655,80.394296,"https://www.google.com/maps?q=8.317655,80.394296",Public,active,OpenStreetMap (ODbL) node/4451141693,2026-07-29,Phase 3 - Island-wide,exact
SL-0164,EV Charging Point — Dodamwala,Independent / unverified,Kandy,Central,"Sirimavo Bandaranaike Mawatha (Peradeniya Road), Dodamwala",,,,7.271065,80.604554,"https://www.google.com/maps?q=7.271065,80.604554",Public,active,OpenStreetMap (ODbL) node/4451143990,2026-07-29,Phase 3 - Island-wide,exact
SL-0165,EV Charging Point — walawwatta,Independent / unverified,Kegalle,Sabaragamuwa,"Old Colombo Road, walawwatta",,,,7.251764,80.436932,"https://www.google.com/maps?q=7.251764,80.436932",Public,active,OpenStreetMap (ODbL) node/4451143991,2026-07-29,Phase 3 - Island-wide,exact
SL-0166,EV Charging Point — Pilimatalawa,Independent / unverified,Kandy,Central,"Colombo-Kandy Road, Pilimatalawa",,,,7.263410,80.547569,"https://www.google.com/maps?q=7.263410,80.547569",Public,active,OpenStreetMap (ODbL) node/4451144490,2026-07-29,Phase 3 - Island-wide,exact
SL-0167,EV Charging Point — Taladuwa,Independent / unverified,Gampaha,Western,"Colombo-Puttalam Road, Taladuwa",,,,7.256406,79.856001,"https://www.google.com/maps?q=7.256406,79.856001",Public,active,OpenStreetMap (ODbL) node/4451147390,2026-07-29,Phase 3 - Island-wide,exact
SL-0168,EV Charging Point — Taladuwa,Independent / unverified,Gampaha,Western,"Negombo Road, Taladuwa",,,,7.186833,79.859619,"https://www.google.com/maps?q=7.186833,79.859619",Public,active,OpenStreetMap (ODbL) node/4451147391,2026-07-29,Phase 3 - Island-wide,exact
SL-0169,EV Charging Point — Molagoda,Independent / unverified,Kegalle,Sabaragamuwa,"Colombo-Kandy Road, Molagoda",,,,7.256316,80.408035,"https://www.google.com/maps?q=7.256316,80.408035",Public,active,OpenStreetMap (ODbL) node/4451148789,2026-07-29,Phase 3 - Island-wide,exact
SL-0170,EV Charging Point — Embilipitiya,Independent / unverified,Ratnapura,Sabaragamuwa,"Embilipitiya-Moraketiya-Kiriibbanara-Uda Mauara Road, Embilipitiya",,,,6.334674,80.858805,"https://www.google.com/maps?q=6.334674,80.858805",Public,active,OpenStreetMap (ODbL) node/4451148889,2026-07-29,Phase 3 - Island-wide,exact
SL-0171,EV Charging Point — Welegoda,Independent / unverified,Matara,Southern,"Akuressa Road, Welegoda, Matara",,,,5.956712,80.531975,"https://www.google.com/maps?q=5.956712,80.531975",Public,active,OpenStreetMap (ODbL) node/4451148989,2026-07-29,Phase 3 - Island-wide,exact
SL-0172,EV Charging Point — Sella Kataragama,Independent / unverified,Monaragala,Uva,"Buttala-Sella Kataragama Road, Sella Kataragama",,,,6.441273,81.301605,"https://www.google.com/maps?q=6.441273,81.301605",Public,active,OpenStreetMap (ODbL) node/4459877793,2026-07-29,Phase 3 - Island-wide,exact
SL-0173,EV Charging Point — Kurunegala M.C. Limit,Independent / unverified,Kurunegala,North Western,"Yanthampalawa Road, Kurunegala M.C. Limit",,,,7.491836,80.348557,"https://www.google.com/maps?q=7.491836,80.348557",Public,active,OpenStreetMap (ODbL) node/4864195121,2026-07-29,Phase 3 - Island-wide,exact
SL-0174,EV Charging Point,Genso,Kalutara,Western,Southern Expressway,,,,6.468374,80.079289,"https://www.google.com/maps?q=6.468374,80.079289",Public,active,OpenStreetMap (ODbL) node/6660314507,2026-07-29,Phase 3 - Island-wide,exact
SL-0175,EV Charging Point,Genso,Kalutara,Western,Southern Expressway,,,,6.469559,80.076780,"https://www.google.com/maps?q=6.469559,80.076780",Public,active,OpenStreetMap (ODbL) node/7106447647,2026-07-29,Phase 3 - Island-wide,exact
SL-0176,EV Charging Point — Nuwara Eliya,Independent / unverified,Nuwara Eliya,Central,"Race Course Round Road, Nuwara Eliya",,,,6.965909,80.771968,"https://www.google.com/maps?q=6.965909,80.771968",Public,active,OpenStreetMap (ODbL) node/11105632281,2026-07-29,Phase 3 - Island-wide,exact
SL-0177,EV Charging Point — Katukele,Independent / unverified,Kandy,Central,"Nagasthenna Road, Katukele, Kandy",,,,7.286050,80.629016,"https://www.google.com/maps?q=7.286050,80.629016",Public,active,OpenStreetMap (ODbL) node/13031797276,2026-07-29,Phase 3 - Island-wide,exact
SL-0178,EV Charging Station,Green Frontiers,Galle,Southern,"Galle Port Access Road, Katugoda, Galle",,,,6.033475,80.245215,"https://www.google.com/maps?q=6.033475,80.245215",Public,active,OpenStreetMap (ODbL) node/392879636,2026-07-29,Phase 3 - Island-wide,exact
